{"cameraMode":{"drawMode":0,"name":"Shaded","section":"Shading Mode"},"sceneLighting":true,"audioPlay":false,"sceneViewState":{"showFog":true,"showMaterialUpdate":false,"showSkybox":true,"showFlares":true,"showImageEffects":true,"showParticleSystems":true},"in2DMode":false,"pivot":{"x":444.08868408203127,"y":250.3958740234375,"z":-124.2776870727539},"rotation":{"x":-0.24003450572490693,"y":0.015693185850977899,"z":-0.00430518900975585,"w":-0.9707964658737183},"size":709.343017578125,"orthographic":true}